{
	"@metadata": {
		"authors": [
			"Thibaut VIARD"
		]
	},
	"ARD_TYPE_CHAR": "Charactère",
	"ARD_TYPE_TEXT": "Texte",
	"ARD_TYPE_BOOL": "Booléen",
	"ARD_TYPE_SHORT": "Entier court",
	"ARD_TYPE_NUMBER": "Entier",
	"ARD_TYPE_LONG": "Entier long",
	"ARD_TYPE_DECIMAL": "Décimal",
	"ARD_TYPE_ARRAY": "Tableau",
	"ARD_TYPE_NULL": "Null",
	"ARD_TYPE_UNDEF": "Non défini",
	"ARD_TYPE_CHILDBLOCKMISSING": "Dépendance manquante",
	"ARD_HIGH": "HAUT",
	"ARD_LOW": "BAS",
	"ARD_ANALOGREAD": "Lecture du signal analogique #",
	"ARD_ANALOGREAD_TIP": "Valeur de retour entre 0 et 1024",
	"ARD_ANALOGWRITE": "Ecriture du signal analogique #",
	"ARD_ANALOGWRITE_TIP": "Ecrit une valeur analogique comprise entre 0 et 255 sur un port PWM spécifique",
	"ARD_HIGHLOW_TIP": " Configuration d'un signal à l'état HAUT ou BAS",
	"ARD_DIGITALREAD": "Lecture du signal numérique #",
	"ARD_DIGITALREAD_TIP": "Lecture de la valeur d'un signal numérique: HAUT ou BAS",
	"ARD_DIGITALWRITE": "Configuration du signal numérique #",
	"ARD_WRITE_TO": "à",
	"ARD_DIGITALWRITE_TIP": " Ecriture de la valeur HAUT ou BAS du signal numérique #",
	"ARD_BUILTIN_LED": "Configurer la DEL",
	"ARD_BUILTIN_LED_TIP": "Allumer ou éteindre la DEL de la carte",
	"ARD_DEFINE": "Définir",
	"ARD_TONE_PIN": "Signal de tonalité #",
	"ARD_TONE_FREQ": "frequence",
	"ARD_TONE_PIN_TIP": "Génération de tonalité (son)sur un signal",
	"ARD_NOTONE_PIN": "PAS de Signal de tonalité #",
	"ARD_NOTONE_PIN_TIP": "Arret de la génération de tonalité (son)sur un signal",
	"ARD_MAP": "Converti",
	"ARD_MAP_VAL": "valeur de [0-",
	"ARD_MAP_TIP": "Converti un nombre de la plage [0-1024].",
	"ARD_FUN_RUN_SETUP": "Arduino exécute en premier:",
	"ARD_FUN_RUN_LOOP": "Arduino boucle infinie:",
	"ARD_FUN_RUN_TIP": "Definition de la configuration de l'Arduino: fonctions setup() et loop().",
	"ARD_PIN_WARN1": "Signal %1 est utilisé pour %2 alors que signal %3. Déjà utilisé en tant que %4.",
	"ARD_SERIAL_SETUP": "Configuration",
	"ARD_SERIAL_SPEED": ":  vitesse",
	"ARD_SERIAL_BPS": "bps",
	"ARD_SERIAL_SETUP_TIP": "Choisir la vitesse d'un périphérique série",
	"ARD_SERIAL_PRINT": "imprimer",
	"ARD_SERIAL_PRINT_NEWLINE": "ajouter une nouvelle ligne",
	"ARD_SERIAL_PRINT_TIP": "Imprime les données sur la console série en texte lisible ASCII.",
	"ARD_SERIAL_PRINT_WARN": "Un bloc de configuration pour %1 doit être ajouté à l'espace de travail afin d'utiliser ce bloc!",
	"ARD_SERVO_WRITE": "Configurer SERVO sur Patte",
	"ARD_SERVO_WRITE_TO": "vers",
	"ARD_SERVO_WRITE_DEG_180": "Degrés (0~180)",
	"ARD_SERVO_WRITE_TIP": "Configurer un SERVO à un angle donné",
	"ARD_SERVO_READ": "Lecture du signal# du SERVO",
	"ARD_SERVO_READ_TIP": "Lecture d'un angle du SERVO",
	"ARD_SPI_SETUP": "Configuration",
	"ARD_SPI_SETUP_CONF": "configuration:",
	"ARD_SPI_SETUP_SHIFT": "décalage de données",
	"ARD_SPI_SETUP_MSBFIRST": "MSBFIRST",
	"ARD_SPI_SETUP_LSBFIRST": "LSBFIRST",
	"ARD_SPI_SETUP_DIVIDE": "Division de fréquence",
	"ARD_SPI_SETUP_MODE": "mode SPI  (idle - edge)",
	"ARD_SPI_SETUP_MODE0": "0 (Bas - Descendant)",
	"ARD_SPI_SETUP_MODE1": "1 (Bas - Montant)",
	"ARD_SPI_SETUP_MODE2": "2 (Haut - Descendant)",
	"ARD_SPI_SETUP_MODE3": "3 (Haut - Montant)",
	"ARD_SPI_SETUP_TIP": "Configuration du périphérique SPI.",
	"ARD_SPI_TRANS_NONE": "vide",
	"ARD_SPI_TRANS_VAL": "transfert",
	"ARD_SPI_TRANS_SLAVE": "vers le signal esclave",
	"ARD_SPI_TRANS_TIP": "Envoie d'un message SPI à un esclave précis.",
	"ARD_SPI_TRANS_WARN1": "Un bloc de configuration pour %1 doit être ajouté à l'espace de travail afin d'utiliser ce bloc!",
	"ARD_SPI_TRANS_WARN2": "L'ancienne valeur du signal %1 n'est plus disponible.",
	"ARD_SPI_TRANSRETURN_TIP": "Envoie d'un message SPI à un esclave précis et recuperation de la donnée.",
	"ARD_STEPPER_SETUP": "Configuration",
	"ARD_STEPPER_MOTOR": "Moteur pas-à-pas:",
	"ARD_STEPPER_TWO_PINS": "2",
	"ARD_STEPPER_FOUR_PINS": "4",
	"ARD_STEPPER_PIN1": "signal1 #",
	"ARD_STEPPER_PIN2": "signal2 #",
	"ARD_STEPPER_PIN3": "signal3 #",
	"ARD_STEPPER_PIN4": "signal4 #",
	"ARD_STEPPER_REVOLVS": "Combien de pas par tour",
	"ARD_STEPPER_SPEED": "Configuration de la vitesse(rpm) à",
	"ARD_STEPPER_SETUP_TIP": "Configuration d'un moteur pas-à-pas: signaux et autres paramètres.",
	"ARD_STEPPER_STEP": "Déplacement grace au moteur pas-à-pas",
	"ARD_STEPPER_STEPS": "pas",
	"ARD_STEPPER_STEP_TIP": "Configurer le moteur pas-à-pas avec un nombre précis de pas.",
	"ARD_STEPPER_STEP_WARN1": "Un bloc de configuration de moteur pas-à-pas doit être ajouté afin d'utiliser ce bloc!",
	"ARD_TIME_DELAY": "Délai d'attente de",
	"ARD_TIME_MS": "millisecondes",
	"ARD_TIME_DELAY_TIP": "Attendre un délai précis en millisecondes",
	"ARD_TIME_DELAY_MICROS": "microsecondes",
	"ARD_TIME_DELAY_MICRO_TIP": "Attendre un délai précis en microsecondes",
	"ARD_TIME_MILLIS": "Temps écoulé (millisecondes)",
	"ARD_TIME_MILLIS_TIP": "Renvoie le temps en milliseconds depuis le lancement de ce programme sur la carte Arduino. Doit être stocké dans un Entier long positif",
	"ARD_TIME_MICROS": "Temps écoulé (microsecondes)",
	"ARD_TIME_MICROS_TIP": "Renvoie le temps en microseconds depuis le lancement de ce programme sur la carte Arduino. Doit être stocké dans un Entier long positif",
	"ARD_TIME_INF": "Attente sans fin (fin du programme)",
	"ARD_TIME_INF_TIP": "Attente indéfinie, arrêt du programme.",
	"ARD_VAR_AS": "comme",
	"ARD_VAR_AS_TIP": "Configure une valeur à un type précis",
	"ARD_PULSE_READ": "mesure %1 impulsion sur le signal #%2",
	"ARD_PULSE_READ_TIMEOUT": "mesure %1 impulsion sur le signal #%2 (délai de retard %3 μs)",
	"ARD_PULSE_TIP": "Mesure la durée d'une pulsation sur le signal selectioné.",
	"ARD_PULSETIMEOUT_TIP": "Mesure la durée d'une pulsation sur le signal selectioné, dans le delai imparti",
	"ARD_SETTONE": "Définir une tonalité sur le signal #",
	"ARD_TONEFREQ": "à la frequence",
	"ARD_TONE_TIP": " Configurer le signal de tonalité dans la plage: 31 - 65535",
	"ARD_TONE_WARNING": "La fréquence doit être dans la plage 31 - 65535",
	"ARD_NOTONE": "Eteindre la tonalité du signal #",
	"ARD_NOTONE_TIP": "Eteindre / Activer la tonalité du signal selectioné"
}
